<?xml version="1.0" encoding="UTF-8" ?>
<templates id="template" xml:space="preserve">
   <t t-name="FieldSignature">
       <t t-if="widget.mode != 'readonly'">
           <div class="note-editor panel panel-default mt16 mb0 oe_edit_only" id="drawsign">
                <div class="note-toolbar panel-heading p-2">
                    <div class="pull-right">
                        <a id="sign_clean" class="btn btn-xs oe_edit_only">Clear</a>
                        <a class="oe_edit_only save_sign"></a>
                    </div>
                    <strong>Dibuja tu Firma</strong>
                </div>
                <div class="signature"></div>
            </div>
       </t>
       <t t-if="widget.mode == 'readonly'">
           <div class="panel panel-default mt16 mb0 " id="drawsign">
                <div class="signature"></div>
            </div>
       </t>
    </t>
</templates>
