<?xml version="1.0" encoding="utf-8"?>
<odoo>
    <data>
        <record id="module_category_shool_startel" model="ir.module.category">
            <field name="name">Startel</field>
            <field name="sequence">22</field>
        </record>

        <record id="group_shool_startel_administration" model="res.groups">
            <field name="name">Administrator</field>
            <field name="category_id" ref="module_category_shool_startel"/>
            <field name="implied_ids" eval="[(4, ref('group_shool_startel_usuario'))]"/>
            <field name="users" eval="[(4, ref('base.user_root')),(4, ref('base.user_admin'))]"/>
        </record>

        <record id="group_shool_startel_usuario" model="res.groups">
            <field name="name">Usuario</field>
            <field name="category_id" ref="module_category_shool_startel"/>
        </record>

        <record id="group_shool_startel_instructor" model="res.groups">
            <field name="name">Instructor</field>
            <field name="category_id" ref="module_category_shool_startel"/>
        </record>

    </data>
</odoo>
